Email,"First Name","Last Name"
admin@gmail.com,,
HR@gmail.com,,
MD@gmail.com,,
user@gmail.com,,
shyann.mckenzie@towne.info,,
gnolan@yahoo.com,,
gorczany.halle@yahoo.com,,
payton.schuppe@koch.info,,
denesik.terrance@hotmail.com,,
odie33@yahoo.com,,
akirlin@fisher.net,,
mohr.amanda@thompson.com,,
angela.moen@blick.info,,
wolff.robb@gmail.com,,
madie.glover@gmail.com,,
jkiehn@gmail.com,,
ruben.kozey@hotmail.com,,
huel.ruben@gmail.com,,
mschamberger@nitzsche.info,,
gerhold.ethan@yahoo.com,,
cgerhold@gmail.com,,
bernhard.skylar@hotmail.com,,
xkozey@hotmail.com,,
doyle20@hotmail.com,,
kcruickshank@gmail.com,,
elliot.tremblay@robel.com,,
eldred.kuvalis@yahoo.com,,
iokuneva@klocko.biz,,
belle49@hotmail.com,,
katharina95@hotmail.com,,
uvonrueden@treutel.net,,
jveum@witting.info,,
llewellyn81@yahoo.com,,
holly22@deckow.com,,
mortimer48@orn.biz,,
zieme.kattie@hotmail.com,,
aditya.abernathy@yahoo.com,,
kiara.trantow@yahoo.com,,
qkilback@gmail.com,,
koepp.alfonso@gmail.com,,
augustus36@yahoo.com,,
elmore49@hotmail.com,,
wshields@gmail.com,,
oliver.hegmann@hotmail.com,,
gertrude.bogan@gmail.com,,
iherman@christiansen.biz,,
yvette.mcclure@hotmail.com,,
emilio.rath@yahoo.com,,
justus.schultz@weissnat.com,,
florian35@hotmail.com,,
langworth.adrienne@crooks.com,,
nwitting@mckenzie.biz,,
schuster.earnestine@koelpin.net,,
hackett.francesca@yahoo.com,,
